--
-- PostgreSQL database cluster dump
--

SET default_transaction_read_only = off;

SET client_encoding = 'UTF8';
SET standard_conforming_strings = on;

--
-- Roles
--

CREATE ROLE postgres_user;
ALTER ROLE postgres_user WITH SUPERUSER INHERIT CREATEROLE CREATEDB LOGIN REPLICATION BYPASSRLS PASSWORD 'SCRAM-SHA-256$4096:jVPm05uvFXZtUOfFFYRBZQ==$NUKl0pCwZ2koaTZKL68+OXmuvnoCbxOctm9hjaOWoIU=:MpSB6xQ+3hKGkuhctsPJl9gEsoeJVXg0ftwX7sAeQBc=';

--
-- User Configurations
--








--
-- Databases
--

--
-- Database "template1" dump
--

\connect template1

--
-- PostgreSQL database dump
--

-- Dumped from database version 17.2 (Debian 17.2-1.pgdg120+1)
-- Dumped by pg_dump version 17.2 (Debian 17.2-1.pgdg120+1)

SET statement_timeout = 0;
SET lock_timeout = 0;
SET idle_in_transaction_session_timeout = 0;
SET transaction_timeout = 0;
SET client_encoding = 'UTF8';
SET standard_conforming_strings = on;
SELECT pg_catalog.set_config('search_path', '', false);
SET check_function_bodies = false;
SET xmloption = content;
SET client_min_messages = warning;
SET row_security = off;

--
-- PostgreSQL database dump complete
--

--
-- Database "postgres" dump
--

\connect postgres

--
-- PostgreSQL database dump
--

-- Dumped from database version 17.2 (Debian 17.2-1.pgdg120+1)
-- Dumped by pg_dump version 17.2 (Debian 17.2-1.pgdg120+1)

SET statement_timeout = 0;
SET lock_timeout = 0;
SET idle_in_transaction_session_timeout = 0;
SET transaction_timeout = 0;
SET client_encoding = 'UTF8';
SET standard_conforming_strings = on;
SELECT pg_catalog.set_config('search_path', '', false);
SET check_function_bodies = false;
SET xmloption = content;
SET client_min_messages = warning;
SET row_security = off;

--
-- PostgreSQL database dump complete
--

--
-- Database "postgres_db" dump
--

--
-- PostgreSQL database dump
--

-- Dumped from database version 17.2 (Debian 17.2-1.pgdg120+1)
-- Dumped by pg_dump version 17.2 (Debian 17.2-1.pgdg120+1)

SET statement_timeout = 0;
SET lock_timeout = 0;
SET idle_in_transaction_session_timeout = 0;
SET transaction_timeout = 0;
SET client_encoding = 'UTF8';
SET standard_conforming_strings = on;
SELECT pg_catalog.set_config('search_path', '', false);
SET check_function_bodies = false;
SET xmloption = content;
SET client_min_messages = warning;
SET row_security = off;

--
-- Name: postgres_db; Type: DATABASE; Schema: -; Owner: postgres_user
--

CREATE DATABASE postgres_db WITH TEMPLATE = template0 ENCODING = 'UTF8' LOCALE_PROVIDER = libc LOCALE = 'en_US.utf8';


ALTER DATABASE postgres_db OWNER TO postgres_user;

\connect postgres_db

SET statement_timeout = 0;
SET lock_timeout = 0;
SET idle_in_transaction_session_timeout = 0;
SET transaction_timeout = 0;
SET client_encoding = 'UTF8';
SET standard_conforming_strings = on;
SELECT pg_catalog.set_config('search_path', '', false);
SET check_function_bodies = false;
SET xmloption = content;
SET client_min_messages = warning;
SET row_security = off;

SET default_tablespace = '';

SET default_table_access_method = heap;

--
-- Name: auth_group; Type: TABLE; Schema: public; Owner: postgres_user
--

CREATE TABLE public.auth_group (
    id integer NOT NULL,
    name character varying(150) NOT NULL
);


ALTER TABLE public.auth_group OWNER TO postgres_user;

--
-- Name: auth_group_id_seq; Type: SEQUENCE; Schema: public; Owner: postgres_user
--

ALTER TABLE public.auth_group ALTER COLUMN id ADD GENERATED BY DEFAULT AS IDENTITY (
    SEQUENCE NAME public.auth_group_id_seq
    START WITH 1
    INCREMENT BY 1
    NO MINVALUE
    NO MAXVALUE
    CACHE 1
);


--
-- Name: auth_group_permissions; Type: TABLE; Schema: public; Owner: postgres_user
--

CREATE TABLE public.auth_group_permissions (
    id bigint NOT NULL,
    group_id integer NOT NULL,
    permission_id integer NOT NULL
);


ALTER TABLE public.auth_group_permissions OWNER TO postgres_user;

--
-- Name: auth_group_permissions_id_seq; Type: SEQUENCE; Schema: public; Owner: postgres_user
--

ALTER TABLE public.auth_group_permissions ALTER COLUMN id ADD GENERATED BY DEFAULT AS IDENTITY (
    SEQUENCE NAME public.auth_group_permissions_id_seq
    START WITH 1
    INCREMENT BY 1
    NO MINVALUE
    NO MAXVALUE
    CACHE 1
);


--
-- Name: auth_permission; Type: TABLE; Schema: public; Owner: postgres_user
--

CREATE TABLE public.auth_permission (
    id integer NOT NULL,
    name character varying(255) NOT NULL,
    content_type_id integer NOT NULL,
    codename character varying(100) NOT NULL
);


ALTER TABLE public.auth_permission OWNER TO postgres_user;

--
-- Name: auth_permission_id_seq; Type: SEQUENCE; Schema: public; Owner: postgres_user
--

ALTER TABLE public.auth_permission ALTER COLUMN id ADD GENERATED BY DEFAULT AS IDENTITY (
    SEQUENCE NAME public.auth_permission_id_seq
    START WITH 1
    INCREMENT BY 1
    NO MINVALUE
    NO MAXVALUE
    CACHE 1
);


--
-- Name: auth_user; Type: TABLE; Schema: public; Owner: postgres_user
--

CREATE TABLE public.auth_user (
    id integer NOT NULL,
    password character varying(128) NOT NULL,
    last_login timestamp with time zone,
    is_superuser boolean NOT NULL,
    username character varying(150) NOT NULL,
    first_name character varying(150) NOT NULL,
    last_name character varying(150) NOT NULL,
    email character varying(254) NOT NULL,
    is_staff boolean NOT NULL,
    is_active boolean NOT NULL,
    date_joined timestamp with time zone NOT NULL
);


ALTER TABLE public.auth_user OWNER TO postgres_user;

--
-- Name: auth_user_groups; Type: TABLE; Schema: public; Owner: postgres_user
--

CREATE TABLE public.auth_user_groups (
    id bigint NOT NULL,
    user_id integer NOT NULL,
    group_id integer NOT NULL
);


ALTER TABLE public.auth_user_groups OWNER TO postgres_user;

--
-- Name: auth_user_groups_id_seq; Type: SEQUENCE; Schema: public; Owner: postgres_user
--

ALTER TABLE public.auth_user_groups ALTER COLUMN id ADD GENERATED BY DEFAULT AS IDENTITY (
    SEQUENCE NAME public.auth_user_groups_id_seq
    START WITH 1
    INCREMENT BY 1
    NO MINVALUE
    NO MAXVALUE
    CACHE 1
);


--
-- Name: auth_user_id_seq; Type: SEQUENCE; Schema: public; Owner: postgres_user
--

ALTER TABLE public.auth_user ALTER COLUMN id ADD GENERATED BY DEFAULT AS IDENTITY (
    SEQUENCE NAME public.auth_user_id_seq
    START WITH 1
    INCREMENT BY 1
    NO MINVALUE
    NO MAXVALUE
    CACHE 1
);


--
-- Name: auth_user_user_permissions; Type: TABLE; Schema: public; Owner: postgres_user
--

CREATE TABLE public.auth_user_user_permissions (
    id bigint NOT NULL,
    user_id integer NOT NULL,
    permission_id integer NOT NULL
);


ALTER TABLE public.auth_user_user_permissions OWNER TO postgres_user;

--
-- Name: auth_user_user_permissions_id_seq; Type: SEQUENCE; Schema: public; Owner: postgres_user
--

ALTER TABLE public.auth_user_user_permissions ALTER COLUMN id ADD GENERATED BY DEFAULT AS IDENTITY (
    SEQUENCE NAME public.auth_user_user_permissions_id_seq
    START WITH 1
    INCREMENT BY 1
    NO MINVALUE
    NO MAXVALUE
    CACHE 1
);


--
-- Name: contact_message; Type: TABLE; Schema: public; Owner: postgres_user
--

CREATE TABLE public.contact_message (
    id bigint NOT NULL,
    updated_date timestamp with time zone NOT NULL,
    created_date timestamp with time zone NOT NULL,
    name character varying(254) NOT NULL,
    email character varying(254) NOT NULL,
    subject character varying(254) NOT NULL,
    message text NOT NULL
);


ALTER TABLE public.contact_message OWNER TO postgres_user;

--
-- Name: contact_message_id_seq; Type: SEQUENCE; Schema: public; Owner: postgres_user
--

ALTER TABLE public.contact_message ALTER COLUMN id ADD GENERATED BY DEFAULT AS IDENTITY (
    SEQUENCE NAME public.contact_message_id_seq
    START WITH 1
    INCREMENT BY 1
    NO MINVALUE
    NO MAXVALUE
    CACHE 1
);


--
-- Name: core_document; Type: TABLE; Schema: public; Owner: postgres_user
--

CREATE TABLE public.core_document (
    id bigint NOT NULL,
    updated_date timestamp with time zone NOT NULL,
    created_date timestamp with time zone NOT NULL,
    "order" integer NOT NULL,
    slug character varying(254) NOT NULL,
    button_text character varying(254) NOT NULL,
    file character varying(100) NOT NULL
);


ALTER TABLE public.core_document OWNER TO postgres_user;

--
-- Name: core_document_id_seq; Type: SEQUENCE; Schema: public; Owner: postgres_user
--

ALTER TABLE public.core_document ALTER COLUMN id ADD GENERATED BY DEFAULT AS IDENTITY (
    SEQUENCE NAME public.core_document_id_seq
    START WITH 1
    INCREMENT BY 1
    NO MINVALUE
    NO MAXVALUE
    CACHE 1
);


--
-- Name: core_education; Type: TABLE; Schema: public; Owner: postgres_user
--

CREATE TABLE public.core_education (
    id bigint NOT NULL,
    updated_date timestamp with time zone NOT NULL,
    created_date timestamp with time zone NOT NULL,
    school_name character varying(254) NOT NULL,
    major character varying(254) NOT NULL,
    department character varying(254) NOT NULL,
    start_date date NOT NULL,
    end_date date
);


ALTER TABLE public.core_education OWNER TO postgres_user;

--
-- Name: core_education_id_seq; Type: SEQUENCE; Schema: public; Owner: postgres_user
--

ALTER TABLE public.core_education ALTER COLUMN id ADD GENERATED BY DEFAULT AS IDENTITY (
    SEQUENCE NAME public.core_education_id_seq
    START WITH 1
    INCREMENT BY 1
    NO MINVALUE
    NO MAXVALUE
    CACHE 1
);


--
-- Name: core_experience; Type: TABLE; Schema: public; Owner: postgres_user
--

CREATE TABLE public.core_experience (
    id bigint NOT NULL,
    updated_date timestamp with time zone NOT NULL,
    created_date timestamp with time zone NOT NULL,
    company_name character varying(254) NOT NULL,
    job_title character varying(254) NOT NULL,
    job_location character varying(254) NOT NULL,
    start_date date NOT NULL,
    end_date date
);


ALTER TABLE public.core_experience OWNER TO postgres_user;

--
-- Name: core_experience_id_seq; Type: SEQUENCE; Schema: public; Owner: postgres_user
--

ALTER TABLE public.core_experience ALTER COLUMN id ADD GENERATED BY DEFAULT AS IDENTITY (
    SEQUENCE NAME public.core_experience_id_seq
    START WITH 1
    INCREMENT BY 1
    NO MINVALUE
    NO MAXVALUE
    CACHE 1
);


--
-- Name: core_generalsetting; Type: TABLE; Schema: public; Owner: postgres_user
--

CREATE TABLE public.core_generalsetting (
    id bigint NOT NULL,
    name character varying(254) NOT NULL,
    description character varying(254) NOT NULL,
    parameter character varying(254) NOT NULL,
    updated_date timestamp with time zone NOT NULL,
    created_date timestamp with time zone NOT NULL
);


ALTER TABLE public.core_generalsetting OWNER TO postgres_user;

--
-- Name: core_generalsettings_id_seq; Type: SEQUENCE; Schema: public; Owner: postgres_user
--

ALTER TABLE public.core_generalsetting ALTER COLUMN id ADD GENERATED BY DEFAULT AS IDENTITY (
    SEQUENCE NAME public.core_generalsettings_id_seq
    START WITH 1
    INCREMENT BY 1
    NO MINVALUE
    NO MAXVALUE
    CACHE 1
);


--
-- Name: core_imagesetting; Type: TABLE; Schema: public; Owner: postgres_user
--

CREATE TABLE public.core_imagesetting (
    id bigint NOT NULL,
    name character varying(254) NOT NULL,
    description character varying(254) NOT NULL,
    file character varying(100) NOT NULL,
    created_date timestamp with time zone NOT NULL,
    updated_date timestamp with time zone NOT NULL
);


ALTER TABLE public.core_imagesetting OWNER TO postgres_user;

--
-- Name: core_imagesetting_id_seq; Type: SEQUENCE; Schema: public; Owner: postgres_user
--

ALTER TABLE public.core_imagesetting ALTER COLUMN id ADD GENERATED BY DEFAULT AS IDENTITY (
    SEQUENCE NAME public.core_imagesetting_id_seq
    START WITH 1
    INCREMENT BY 1
    NO MINVALUE
    NO MAXVALUE
    CACHE 1
);


--
-- Name: core_skill; Type: TABLE; Schema: public; Owner: postgres_user
--

CREATE TABLE public.core_skill (
    id bigint NOT NULL,
    updated_date timestamp with time zone NOT NULL,
    created_date timestamp with time zone NOT NULL,
    "order" integer NOT NULL,
    name character varying(254) NOT NULL,
    percentage integer NOT NULL
);


ALTER TABLE public.core_skill OWNER TO postgres_user;

--
-- Name: core_skill_id_seq; Type: SEQUENCE; Schema: public; Owner: postgres_user
--

ALTER TABLE public.core_skill ALTER COLUMN id ADD GENERATED BY DEFAULT AS IDENTITY (
    SEQUENCE NAME public.core_skill_id_seq
    START WITH 1
    INCREMENT BY 1
    NO MINVALUE
    NO MAXVALUE
    CACHE 1
);


--
-- Name: core_socialmedia; Type: TABLE; Schema: public; Owner: postgres_user
--

CREATE TABLE public.core_socialmedia (
    id bigint NOT NULL,
    updated_date timestamp with time zone NOT NULL,
    created_date timestamp with time zone NOT NULL,
    "order" integer NOT NULL,
    link character varying(254) NOT NULL,
    icon character varying(254) NOT NULL
);


ALTER TABLE public.core_socialmedia OWNER TO postgres_user;

--
-- Name: core_socialmedia_id_seq; Type: SEQUENCE; Schema: public; Owner: postgres_user
--

ALTER TABLE public.core_socialmedia ALTER COLUMN id ADD GENERATED BY DEFAULT AS IDENTITY (
    SEQUENCE NAME public.core_socialmedia_id_seq
    START WITH 1
    INCREMENT BY 1
    NO MINVALUE
    NO MAXVALUE
    CACHE 1
);


--
-- Name: django_admin_log; Type: TABLE; Schema: public; Owner: postgres_user
--

CREATE TABLE public.django_admin_log (
    id integer NOT NULL,
    action_time timestamp with time zone NOT NULL,
    object_id text,
    object_repr character varying(200) NOT NULL,
    action_flag smallint NOT NULL,
    change_message text NOT NULL,
    content_type_id integer,
    user_id integer NOT NULL,
    CONSTRAINT django_admin_log_action_flag_check CHECK ((action_flag >= 0))
);


ALTER TABLE public.django_admin_log OWNER TO postgres_user;

--
-- Name: django_admin_log_id_seq; Type: SEQUENCE; Schema: public; Owner: postgres_user
--

ALTER TABLE public.django_admin_log ALTER COLUMN id ADD GENERATED BY DEFAULT AS IDENTITY (
    SEQUENCE NAME public.django_admin_log_id_seq
    START WITH 1
    INCREMENT BY 1
    NO MINVALUE
    NO MAXVALUE
    CACHE 1
);


--
-- Name: django_content_type; Type: TABLE; Schema: public; Owner: postgres_user
--

CREATE TABLE public.django_content_type (
    id integer NOT NULL,
    app_label character varying(100) NOT NULL,
    model character varying(100) NOT NULL
);


ALTER TABLE public.django_content_type OWNER TO postgres_user;

--
-- Name: django_content_type_id_seq; Type: SEQUENCE; Schema: public; Owner: postgres_user
--

ALTER TABLE public.django_content_type ALTER COLUMN id ADD GENERATED BY DEFAULT AS IDENTITY (
    SEQUENCE NAME public.django_content_type_id_seq
    START WITH 1
    INCREMENT BY 1
    NO MINVALUE
    NO MAXVALUE
    CACHE 1
);


--
-- Name: django_migrations; Type: TABLE; Schema: public; Owner: postgres_user
--

CREATE TABLE public.django_migrations (
    id bigint NOT NULL,
    app character varying(255) NOT NULL,
    name character varying(255) NOT NULL,
    applied timestamp with time zone NOT NULL
);


ALTER TABLE public.django_migrations OWNER TO postgres_user;

--
-- Name: django_migrations_id_seq; Type: SEQUENCE; Schema: public; Owner: postgres_user
--

ALTER TABLE public.django_migrations ALTER COLUMN id ADD GENERATED BY DEFAULT AS IDENTITY (
    SEQUENCE NAME public.django_migrations_id_seq
    START WITH 1
    INCREMENT BY 1
    NO MINVALUE
    NO MAXVALUE
    CACHE 1
);


--
-- Name: django_session; Type: TABLE; Schema: public; Owner: postgres_user
--

CREATE TABLE public.django_session (
    session_key character varying(40) NOT NULL,
    session_data text NOT NULL,
    expire_date timestamp with time zone NOT NULL
);


ALTER TABLE public.django_session OWNER TO postgres_user;

--
-- Data for Name: auth_group; Type: TABLE DATA; Schema: public; Owner: postgres_user
--

COPY public.auth_group (id, name) FROM stdin;
\.


--
-- Data for Name: auth_group_permissions; Type: TABLE DATA; Schema: public; Owner: postgres_user
--

COPY public.auth_group_permissions (id, group_id, permission_id) FROM stdin;
\.


--
-- Data for Name: auth_permission; Type: TABLE DATA; Schema: public; Owner: postgres_user
--

COPY public.auth_permission (id, name, content_type_id, codename) FROM stdin;
1	Can add log entry	1	add_logentry
2	Can change log entry	1	change_logentry
3	Can delete log entry	1	delete_logentry
4	Can view log entry	1	view_logentry
5	Can add permission	2	add_permission
6	Can change permission	2	change_permission
7	Can delete permission	2	delete_permission
8	Can view permission	2	view_permission
9	Can add group	3	add_group
10	Can change group	3	change_group
11	Can delete group	3	delete_group
12	Can view group	3	view_group
13	Can add user	4	add_user
14	Can change user	4	change_user
15	Can delete user	4	delete_user
16	Can view user	4	view_user
17	Can add content type	5	add_contenttype
18	Can change content type	5	change_contenttype
19	Can delete content type	5	delete_contenttype
20	Can view content type	5	view_contenttype
21	Can add session	6	add_session
22	Can change session	6	change_session
23	Can delete session	6	delete_session
24	Can view session	6	view_session
25	Can add General Setting	7	add_generalsetting
26	Can change General Setting	7	change_generalsetting
27	Can delete General Setting	7	delete_generalsetting
28	Can view General Setting	7	view_generalsetting
29	Can add Image Setting	8	add_imagesetting
30	Can change Image Setting	8	change_imagesetting
31	Can delete Image Setting	8	delete_imagesetting
32	Can view Image Setting	8	view_imagesetting
33	Can add Skill	9	add_skill
34	Can change Skill	9	change_skill
35	Can delete Skill	9	delete_skill
36	Can view Skill	9	view_skill
37	Can add Experience	10	add_experience
38	Can change Experience	10	change_experience
39	Can delete Experience	10	delete_experience
40	Can view Experience	10	view_experience
41	Can add Education	11	add_education
42	Can change Education	11	change_education
43	Can delete Education	11	delete_education
44	Can view Education	11	view_education
45	Can add Social Media	12	add_socialmedia
46	Can change Social Media	12	change_socialmedia
47	Can delete Social Media	12	delete_socialmedia
48	Can view Social Media	12	view_socialmedia
49	Can add Document	13	add_document
50	Can change Document	13	change_document
51	Can delete Document	13	delete_document
52	Can view Document	13	view_document
53	Can add Message	14	add_message
54	Can change Message	14	change_message
55	Can delete Message	14	delete_message
56	Can view Message	14	view_message
\.


--
-- Data for Name: auth_user; Type: TABLE DATA; Schema: public; Owner: postgres_user
--

COPY public.auth_user (id, password, last_login, is_superuser, username, first_name, last_name, email, is_staff, is_active, date_joined) FROM stdin;
1	pbkdf2_sha256$870000$Qg3r0O8lJBaokxVNUkxlgg$+8rVkzIsMplR/2xo8kHnZ0GYp0Be1ZCzM1VLJXEEro4=	2024-12-20 22:52:27.385294+00	t	root				t	t	2024-12-20 22:52:20.02918+00
\.


--
-- Data for Name: auth_user_groups; Type: TABLE DATA; Schema: public; Owner: postgres_user
--

COPY public.auth_user_groups (id, user_id, group_id) FROM stdin;
\.


--
-- Data for Name: auth_user_user_permissions; Type: TABLE DATA; Schema: public; Owner: postgres_user
--

COPY public.auth_user_user_permissions (id, user_id, permission_id) FROM stdin;
\.


--
-- Data for Name: contact_message; Type: TABLE DATA; Schema: public; Owner: postgres_user
--

COPY public.contact_message (id, updated_date, created_date, name, email, subject, message) FROM stdin;
1	2024-12-20 23:12:05.903613+00	2024-12-20 23:12:05.903626+00	MG	mg@gmail.com	Test Message	This is a test message.
2	2024-12-20 23:12:15.472245+00	2024-12-20 23:12:15.472258+00	MG	mg@gmail.com	Test Message	This is a test message.
3	2024-12-20 23:12:16.597197+00	2024-12-20 23:12:16.59721+00	MG	mg@gmail.com	Test Message	This is a test message.
\.


--
-- Data for Name: core_document; Type: TABLE DATA; Schema: public; Owner: postgres_user
--

COPY public.core_document (id, updated_date, created_date, "order", slug, button_text, file) FROM stdin;
1	2024-12-20 23:09:44.502047+00	2024-12-20 23:09:44.502057+00	1	resume_en	Download EN	documents/resume_en_YxqOsdK.pdf
2	2024-12-20 23:10:00.970523+00	2024-12-20 23:10:00.970534+00	2	resume_tr	Download TR	documents/resume_tr_x8grpvy.pdf
\.


--
-- Data for Name: core_education; Type: TABLE DATA; Schema: public; Owner: postgres_user
--

COPY public.core_education (id, updated_date, created_date, school_name, major, department, start_date, end_date) FROM stdin;
1	2024-12-20 23:06:25.63518+00	2024-12-20 23:06:25.63519+00	Atatürk University	Computer Programming		2023-09-01	2024-09-01
\.


--
-- Data for Name: core_experience; Type: TABLE DATA; Schema: public; Owner: postgres_user
--

COPY public.core_experience (id, updated_date, created_date, company_name, job_title, job_location, start_date, end_date) FROM stdin;
1	2024-12-20 23:03:23.432013+00	2024-12-20 23:03:23.432026+00	Colorlib	Software Developer	US	2017-06-01	2018-12-01
2	2024-12-20 23:04:58.911993+00	2024-12-20 23:04:02.966124+00	Google	Software Developer	US	2022-12-20	2023-12-20
3	2024-12-20 23:04:58.913623+00	2024-12-20 23:04:35.879048+00	Amazon	Software Developer	US	2023-12-20	\N
\.


--
-- Data for Name: core_generalsetting; Type: TABLE DATA; Schema: public; Owner: postgres_user
--

COPY public.core_generalsetting (id, name, description, parameter, updated_date, created_date) FROM stdin;
1	site_title	This is title of entire website	Gunes	2024-12-20 22:55:09.697176+00	2024-12-20 22:55:09.697188+00
2	site_keywords		gunes,python,django,resume	2024-12-20 22:55:36.269868+00	2024-12-20 22:55:36.269879+00
3	site_description		This is page of Gunes	2024-12-20 22:55:59.0218+00	2024-12-20 22:55:59.021811+00
4	home_banner_title		Junior Software Developer	2024-12-20 22:56:40.968958+00	2024-12-20 22:56:40.96897+00
5	home_banner_name		Gunes	2024-12-20 22:56:57.532449+00	2024-12-20 22:56:57.532461+00
6	home_banner_description		Hi I am Gunes. Working on Python.	2024-12-20 22:57:32.312493+00	2024-12-20 22:57:32.312504+00
\.


--
-- Data for Name: core_imagesetting; Type: TABLE DATA; Schema: public; Owner: postgres_user
--

COPY public.core_imagesetting (id, name, description, file, created_date, updated_date) FROM stdin;
1	site_favicon		images/favicon_to82VFj.ico	2024-12-20 22:58:35.630819+00	2024-12-20 22:58:35.630807+00
3	header_logo		images/shap-2.png	2024-12-20 22:59:22.711028+00	2024-12-20 22:59:22.711019+00
2	home_banner_image		images/project-1.jpg	2024-12-20 22:59:09.923248+00	2024-12-20 23:11:32.77307+00
\.


--
-- Data for Name: core_skill; Type: TABLE DATA; Schema: public; Owner: postgres_user
--

COPY public.core_skill (id, updated_date, created_date, "order", name, percentage) FROM stdin;
1	2024-12-20 22:59:52.437534+00	2024-12-20 22:59:52.437544+00	1	Python	80
3	2024-12-20 23:00:10.183667+00	2024-12-20 23:00:10.183678+00	3	Angular	70
2	2024-12-20 23:00:16.747803+00	2024-12-20 23:00:01.54517+00	2	C#	90
4	2024-12-20 23:00:27.597979+00	2024-12-20 23:00:27.597989+00	4	JS	90
\.


--
-- Data for Name: core_socialmedia; Type: TABLE DATA; Schema: public; Owner: postgres_user
--

COPY public.core_socialmedia (id, updated_date, created_date, "order", link, icon) FROM stdin;
1	2024-12-20 23:07:55.314337+00	2024-12-20 23:07:55.314351+00	1	https://www.facebook.com/	<i class="fa fa-facebook"></i>
2	2024-12-20 23:08:18.304248+00	2024-12-20 23:08:18.30426+00	2	https://x.com/	<i class="fa fa-twitter"></i>
3	2024-12-20 23:08:53.888293+00	2024-12-20 23:08:41.350792+00	3	https://tr.linkedin.com/	<i class="fa fa-linkedin"></i>
\.


--
-- Data for Name: django_admin_log; Type: TABLE DATA; Schema: public; Owner: postgres_user
--

COPY public.django_admin_log (id, action_time, object_id, object_repr, action_flag, change_message, content_type_id, user_id) FROM stdin;
1	2024-12-20 22:55:09.69806+00	1	General Setting: site_title	1	[{"added": {}}]	7	1
2	2024-12-20 22:55:36.27065+00	2	General Setting: site_keywords	1	[{"added": {}}]	7	1
3	2024-12-20 22:55:59.02261+00	3	General Setting: site_description	1	[{"added": {}}]	7	1
4	2024-12-20 22:56:40.969679+00	4	General Setting: home_banner_title	1	[{"added": {}}]	7	1
5	2024-12-20 22:56:57.533233+00	5	General Setting: home_banner_name	1	[{"added": {}}]	7	1
6	2024-12-20 22:57:32.313299+00	6	General Setting: home_banner_description	1	[{"added": {}}]	7	1
7	2024-12-20 22:58:35.643787+00	1	Image Setting: site_favicon	1	[{"added": {}}]	8	1
8	2024-12-20 22:59:09.93661+00	2	Image Setting: home_banner_image	1	[{"added": {}}]	8	1
9	2024-12-20 22:59:22.723755+00	3	Image Setting: header_logo	1	[{"added": {}}]	8	1
10	2024-12-20 22:59:52.438372+00	1	Skill: Python	1	[{"added": {}}]	9	1
11	2024-12-20 23:00:01.546072+00	2	Skill: C#	1	[{"added": {}}]	9	1
12	2024-12-20 23:00:10.184276+00	3	Skill: Angular	1	[{"added": {}}]	9	1
13	2024-12-20 23:00:16.748755+00	2	Skill: C#	2	[{"changed": {"fields": ["Order"]}}]	9	1
14	2024-12-20 23:00:27.598753+00	4	Skill: JS	1	[{"added": {}}]	9	1
15	2024-12-20 23:03:23.433437+00	1	Experience: Colorlib	1	[{"added": {}}]	10	1
16	2024-12-20 23:04:02.967323+00	2	Experience: Colorlib	1	[{"added": {}}]	10	1
17	2024-12-20 23:04:35.87986+00	3	Experience: Colorlib	1	[{"added": {}}]	10	1
18	2024-12-20 23:04:58.912937+00	2	Experience: Google	2	[{"changed": {"fields": ["Company Name"]}}]	10	1
19	2024-12-20 23:04:58.914128+00	3	Experience: Amazon	2	[{"changed": {"fields": ["Company Name"]}}]	10	1
20	2024-12-20 23:06:25.636205+00	1	Experience: Atatürk University	1	[{"added": {}}]	11	1
21	2024-12-20 23:07:55.315373+00	1	Social Media: https://www.facebook.com/	1	[{"added": {}}]	12	1
22	2024-12-20 23:08:18.305084+00	2	Social Media: https://x.com/	1	[{"added": {}}]	12	1
23	2024-12-20 23:08:41.351605+00	3	Social Media: https://tr.linkedin.com/	1	[{"added": {}}]	12	1
24	2024-12-20 23:08:53.889127+00	3	Social Media: https://tr.linkedin.com/	2	[{"changed": {"fields": ["Icon"]}}]	12	1
25	2024-12-20 23:09:44.514957+00	1	Document: resume_en	1	[{"added": {}}]	13	1
26	2024-12-20 23:10:00.982502+00	2	Document: resume_tr	1	[{"added": {}}]	13	1
27	2024-12-20 23:10:40.506858+00	2	Image Setting: home_banner_image	2	[{"changed": {"fields": ["Image"]}}]	8	1
28	2024-12-20 23:11:10.183355+00	2	Image Setting: home_banner_image	2	[{"changed": {"fields": ["Image"]}}]	8	1
29	2024-12-20 23:11:32.785115+00	2	Image Setting: home_banner_image	2	[{"changed": {"fields": ["Image"]}}]	8	1
\.


--
-- Data for Name: django_content_type; Type: TABLE DATA; Schema: public; Owner: postgres_user
--

COPY public.django_content_type (id, app_label, model) FROM stdin;
1	admin	logentry
2	auth	permission
3	auth	group
4	auth	user
5	contenttypes	contenttype
6	sessions	session
7	core	generalsetting
8	core	imagesetting
9	core	skill
10	core	experience
11	core	education
12	core	socialmedia
13	core	document
14	contact	message
\.


--
-- Data for Name: django_migrations; Type: TABLE DATA; Schema: public; Owner: postgres_user
--

COPY public.django_migrations (id, app, name, applied) FROM stdin;
1	contenttypes	0001_initial	2024-12-20 22:41:40.942589+00
2	auth	0001_initial	2024-12-20 22:41:40.971154+00
3	admin	0001_initial	2024-12-20 22:41:40.981559+00
4	admin	0002_logentry_remove_auto_add	2024-12-20 22:41:40.987915+00
5	admin	0003_logentry_add_action_flag_choices	2024-12-20 22:41:40.995239+00
6	contenttypes	0002_remove_content_type_name	2024-12-20 22:41:41.010093+00
7	auth	0002_alter_permission_name_max_length	2024-12-20 22:41:41.017251+00
8	auth	0003_alter_user_email_max_length	2024-12-20 22:41:41.02434+00
9	auth	0004_alter_user_username_opts	2024-12-20 22:41:41.031275+00
10	auth	0005_alter_user_last_login_null	2024-12-20 22:41:41.037884+00
11	auth	0006_require_contenttypes_0002	2024-12-20 22:41:41.038669+00
12	auth	0007_alter_validators_add_error_messages	2024-12-20 22:41:41.045981+00
13	auth	0008_alter_user_username_max_length	2024-12-20 22:41:41.053478+00
14	auth	0009_alter_user_last_name_max_length	2024-12-20 22:41:41.060903+00
15	auth	0010_alter_group_name_max_length	2024-12-20 22:41:41.067977+00
16	auth	0011_update_proxy_permissions	2024-12-20 22:41:41.074032+00
17	auth	0012_alter_user_first_name_max_length	2024-12-20 22:41:41.080335+00
18	contact	0001_initial	2024-12-20 22:41:41.08377+00
19	core	0001_initial	2024-12-20 22:41:41.087174+00
20	core	0002_rename_generalsettings_generalsetting	2024-12-20 22:41:41.098123+00
21	core	0003_imagesetting_alter_generalsetting_options_and_more	2024-12-20 22:41:41.107185+00
22	core	0004_alter_imagesetting_options_imagesetting_created_date_and_more	2024-12-20 22:41:41.114302+00
23	core	0005_skill_alter_generalsetting_created_date_and_more	2024-12-20 22:41:41.123774+00
24	core	0006_alter_skill_options	2024-12-20 22:41:41.126601+00
25	core	0007_experience	2024-12-20 22:41:41.130321+00
26	core	0008_education	2024-12-20 22:41:41.134133+00
27	core	0009_socialmedia	2024-12-20 22:41:41.137578+00
28	core	0010_document	2024-12-20 22:41:41.142057+00
29	sessions	0001_initial	2024-12-20 22:41:41.145634+00
\.


--
-- Data for Name: django_session; Type: TABLE DATA; Schema: public; Owner: postgres_user
--

COPY public.django_session (session_key, session_data, expire_date) FROM stdin;
ey8nughcom2t1bc0ussq14ag1swl2exm	.eJxVjDsOwjAQBe_iGllrr3-hpOcM1vqHA8iW4qRC3B0ipYD2zcx7MU_bWv028uLnxM5MsNPvFig-cttBulO7dR57W5c58F3hBx382lN-Xg7376DSqN9aJgyYYomIoLMQWSFagQAkCChTgAmclYkkGlucjEIpMzkEhaZIrdn7A9G0Nrk:1tOlr9:7lkLJZKDffxQMuFEg7WGGIDeQJ7B--bpat0lFi_igXo	2025-01-03 22:52:27.391909+00
\.


--
-- Name: auth_group_id_seq; Type: SEQUENCE SET; Schema: public; Owner: postgres_user
--

SELECT pg_catalog.setval('public.auth_group_id_seq', 1, false);


--
-- Name: auth_group_permissions_id_seq; Type: SEQUENCE SET; Schema: public; Owner: postgres_user
--

SELECT pg_catalog.setval('public.auth_group_permissions_id_seq', 1, false);


--
-- Name: auth_permission_id_seq; Type: SEQUENCE SET; Schema: public; Owner: postgres_user
--

SELECT pg_catalog.setval('public.auth_permission_id_seq', 56, true);


--
-- Name: auth_user_groups_id_seq; Type: SEQUENCE SET; Schema: public; Owner: postgres_user
--

SELECT pg_catalog.setval('public.auth_user_groups_id_seq', 1, false);


--
-- Name: auth_user_id_seq; Type: SEQUENCE SET; Schema: public; Owner: postgres_user
--

SELECT pg_catalog.setval('public.auth_user_id_seq', 1, true);


--
-- Name: auth_user_user_permissions_id_seq; Type: SEQUENCE SET; Schema: public; Owner: postgres_user
--

SELECT pg_catalog.setval('public.auth_user_user_permissions_id_seq', 1, false);


--
-- Name: contact_message_id_seq; Type: SEQUENCE SET; Schema: public; Owner: postgres_user
--

SELECT pg_catalog.setval('public.contact_message_id_seq', 3, true);


--
-- Name: core_document_id_seq; Type: SEQUENCE SET; Schema: public; Owner: postgres_user
--

SELECT pg_catalog.setval('public.core_document_id_seq', 2, true);


--
-- Name: core_education_id_seq; Type: SEQUENCE SET; Schema: public; Owner: postgres_user
--

SELECT pg_catalog.setval('public.core_education_id_seq', 1, true);


--
-- Name: core_experience_id_seq; Type: SEQUENCE SET; Schema: public; Owner: postgres_user
--

SELECT pg_catalog.setval('public.core_experience_id_seq', 3, true);


--
-- Name: core_generalsettings_id_seq; Type: SEQUENCE SET; Schema: public; Owner: postgres_user
--

SELECT pg_catalog.setval('public.core_generalsettings_id_seq', 6, true);


--
-- Name: core_imagesetting_id_seq; Type: SEQUENCE SET; Schema: public; Owner: postgres_user
--

SELECT pg_catalog.setval('public.core_imagesetting_id_seq', 3, true);


--
-- Name: core_skill_id_seq; Type: SEQUENCE SET; Schema: public; Owner: postgres_user
--

SELECT pg_catalog.setval('public.core_skill_id_seq', 4, true);


--
-- Name: core_socialmedia_id_seq; Type: SEQUENCE SET; Schema: public; Owner: postgres_user
--

SELECT pg_catalog.setval('public.core_socialmedia_id_seq', 3, true);


--
-- Name: django_admin_log_id_seq; Type: SEQUENCE SET; Schema: public; Owner: postgres_user
--

SELECT pg_catalog.setval('public.django_admin_log_id_seq', 29, true);


--
-- Name: django_content_type_id_seq; Type: SEQUENCE SET; Schema: public; Owner: postgres_user
--

SELECT pg_catalog.setval('public.django_content_type_id_seq', 14, true);


--
-- Name: django_migrations_id_seq; Type: SEQUENCE SET; Schema: public; Owner: postgres_user
--

SELECT pg_catalog.setval('public.django_migrations_id_seq', 29, true);


--
-- Name: auth_group auth_group_name_key; Type: CONSTRAINT; Schema: public; Owner: postgres_user
--

ALTER TABLE ONLY public.auth_group
    ADD CONSTRAINT auth_group_name_key UNIQUE (name);


--
-- Name: auth_group_permissions auth_group_permissions_group_id_permission_id_0cd325b0_uniq; Type: CONSTRAINT; Schema: public; Owner: postgres_user
--

ALTER TABLE ONLY public.auth_group_permissions
    ADD CONSTRAINT auth_group_permissions_group_id_permission_id_0cd325b0_uniq UNIQUE (group_id, permission_id);


--
-- Name: auth_group_permissions auth_group_permissions_pkey; Type: CONSTRAINT; Schema: public; Owner: postgres_user
--

ALTER TABLE ONLY public.auth_group_permissions
    ADD CONSTRAINT auth_group_permissions_pkey PRIMARY KEY (id);


--
-- Name: auth_group auth_group_pkey; Type: CONSTRAINT; Schema: public; Owner: postgres_user
--

ALTER TABLE ONLY public.auth_group
    ADD CONSTRAINT auth_group_pkey PRIMARY KEY (id);


--
-- Name: auth_permission auth_permission_content_type_id_codename_01ab375a_uniq; Type: CONSTRAINT; Schema: public; Owner: postgres_user
--

ALTER TABLE ONLY public.auth_permission
    ADD CONSTRAINT auth_permission_content_type_id_codename_01ab375a_uniq UNIQUE (content_type_id, codename);


--
-- Name: auth_permission auth_permission_pkey; Type: CONSTRAINT; Schema: public; Owner: postgres_user
--

ALTER TABLE ONLY public.auth_permission
    ADD CONSTRAINT auth_permission_pkey PRIMARY KEY (id);


--
-- Name: auth_user_groups auth_user_groups_pkey; Type: CONSTRAINT; Schema: public; Owner: postgres_user
--

ALTER TABLE ONLY public.auth_user_groups
    ADD CONSTRAINT auth_user_groups_pkey PRIMARY KEY (id);


--
-- Name: auth_user_groups auth_user_groups_user_id_group_id_94350c0c_uniq; Type: CONSTRAINT; Schema: public; Owner: postgres_user
--

ALTER TABLE ONLY public.auth_user_groups
    ADD CONSTRAINT auth_user_groups_user_id_group_id_94350c0c_uniq UNIQUE (user_id, group_id);


--
-- Name: auth_user auth_user_pkey; Type: CONSTRAINT; Schema: public; Owner: postgres_user
--

ALTER TABLE ONLY public.auth_user
    ADD CONSTRAINT auth_user_pkey PRIMARY KEY (id);


--
-- Name: auth_user_user_permissions auth_user_user_permissions_pkey; Type: CONSTRAINT; Schema: public; Owner: postgres_user
--

ALTER TABLE ONLY public.auth_user_user_permissions
    ADD CONSTRAINT auth_user_user_permissions_pkey PRIMARY KEY (id);


--
-- Name: auth_user_user_permissions auth_user_user_permissions_user_id_permission_id_14a6b632_uniq; Type: CONSTRAINT; Schema: public; Owner: postgres_user
--

ALTER TABLE ONLY public.auth_user_user_permissions
    ADD CONSTRAINT auth_user_user_permissions_user_id_permission_id_14a6b632_uniq UNIQUE (user_id, permission_id);


--
-- Name: auth_user auth_user_username_key; Type: CONSTRAINT; Schema: public; Owner: postgres_user
--

ALTER TABLE ONLY public.auth_user
    ADD CONSTRAINT auth_user_username_key UNIQUE (username);


--
-- Name: contact_message contact_message_pkey; Type: CONSTRAINT; Schema: public; Owner: postgres_user
--

ALTER TABLE ONLY public.contact_message
    ADD CONSTRAINT contact_message_pkey PRIMARY KEY (id);


--
-- Name: core_document core_document_pkey; Type: CONSTRAINT; Schema: public; Owner: postgres_user
--

ALTER TABLE ONLY public.core_document
    ADD CONSTRAINT core_document_pkey PRIMARY KEY (id);


--
-- Name: core_education core_education_pkey; Type: CONSTRAINT; Schema: public; Owner: postgres_user
--

ALTER TABLE ONLY public.core_education
    ADD CONSTRAINT core_education_pkey PRIMARY KEY (id);


--
-- Name: core_experience core_experience_pkey; Type: CONSTRAINT; Schema: public; Owner: postgres_user
--

ALTER TABLE ONLY public.core_experience
    ADD CONSTRAINT core_experience_pkey PRIMARY KEY (id);


--
-- Name: core_generalsetting core_generalsettings_pkey; Type: CONSTRAINT; Schema: public; Owner: postgres_user
--

ALTER TABLE ONLY public.core_generalsetting
    ADD CONSTRAINT core_generalsettings_pkey PRIMARY KEY (id);


--
-- Name: core_imagesetting core_imagesetting_pkey; Type: CONSTRAINT; Schema: public; Owner: postgres_user
--

ALTER TABLE ONLY public.core_imagesetting
    ADD CONSTRAINT core_imagesetting_pkey PRIMARY KEY (id);


--
-- Name: core_skill core_skill_pkey; Type: CONSTRAINT; Schema: public; Owner: postgres_user
--

ALTER TABLE ONLY public.core_skill
    ADD CONSTRAINT core_skill_pkey PRIMARY KEY (id);


--
-- Name: core_socialmedia core_socialmedia_pkey; Type: CONSTRAINT; Schema: public; Owner: postgres_user
--

ALTER TABLE ONLY public.core_socialmedia
    ADD CONSTRAINT core_socialmedia_pkey PRIMARY KEY (id);


--
-- Name: django_admin_log django_admin_log_pkey; Type: CONSTRAINT; Schema: public; Owner: postgres_user
--

ALTER TABLE ONLY public.django_admin_log
    ADD CONSTRAINT django_admin_log_pkey PRIMARY KEY (id);


--
-- Name: django_content_type django_content_type_app_label_model_76bd3d3b_uniq; Type: CONSTRAINT; Schema: public; Owner: postgres_user
--

ALTER TABLE ONLY public.django_content_type
    ADD CONSTRAINT django_content_type_app_label_model_76bd3d3b_uniq UNIQUE (app_label, model);


--
-- Name: django_content_type django_content_type_pkey; Type: CONSTRAINT; Schema: public; Owner: postgres_user
--

ALTER TABLE ONLY public.django_content_type
    ADD CONSTRAINT django_content_type_pkey PRIMARY KEY (id);


--
-- Name: django_migrations django_migrations_pkey; Type: CONSTRAINT; Schema: public; Owner: postgres_user
--

ALTER TABLE ONLY public.django_migrations
    ADD CONSTRAINT django_migrations_pkey PRIMARY KEY (id);


--
-- Name: django_session django_session_pkey; Type: CONSTRAINT; Schema: public; Owner: postgres_user
--

ALTER TABLE ONLY public.django_session
    ADD CONSTRAINT django_session_pkey PRIMARY KEY (session_key);


--
-- Name: auth_group_name_a6ea08ec_like; Type: INDEX; Schema: public; Owner: postgres_user
--

CREATE INDEX auth_group_name_a6ea08ec_like ON public.auth_group USING btree (name varchar_pattern_ops);


--
-- Name: auth_group_permissions_group_id_b120cbf9; Type: INDEX; Schema: public; Owner: postgres_user
--

CREATE INDEX auth_group_permissions_group_id_b120cbf9 ON public.auth_group_permissions USING btree (group_id);


--
-- Name: auth_group_permissions_permission_id_84c5c92e; Type: INDEX; Schema: public; Owner: postgres_user
--

CREATE INDEX auth_group_permissions_permission_id_84c5c92e ON public.auth_group_permissions USING btree (permission_id);


--
-- Name: auth_permission_content_type_id_2f476e4b; Type: INDEX; Schema: public; Owner: postgres_user
--

CREATE INDEX auth_permission_content_type_id_2f476e4b ON public.auth_permission USING btree (content_type_id);


--
-- Name: auth_user_groups_group_id_97559544; Type: INDEX; Schema: public; Owner: postgres_user
--

CREATE INDEX auth_user_groups_group_id_97559544 ON public.auth_user_groups USING btree (group_id);


--
-- Name: auth_user_groups_user_id_6a12ed8b; Type: INDEX; Schema: public; Owner: postgres_user
--

CREATE INDEX auth_user_groups_user_id_6a12ed8b ON public.auth_user_groups USING btree (user_id);


--
-- Name: auth_user_user_permissions_permission_id_1fbb5f2c; Type: INDEX; Schema: public; Owner: postgres_user
--

CREATE INDEX auth_user_user_permissions_permission_id_1fbb5f2c ON public.auth_user_user_permissions USING btree (permission_id);


--
-- Name: auth_user_user_permissions_user_id_a95ead1b; Type: INDEX; Schema: public; Owner: postgres_user
--

CREATE INDEX auth_user_user_permissions_user_id_a95ead1b ON public.auth_user_user_permissions USING btree (user_id);


--
-- Name: auth_user_username_6821ab7c_like; Type: INDEX; Schema: public; Owner: postgres_user
--

CREATE INDEX auth_user_username_6821ab7c_like ON public.auth_user USING btree (username varchar_pattern_ops);


--
-- Name: core_document_slug_9ffd5a20; Type: INDEX; Schema: public; Owner: postgres_user
--

CREATE INDEX core_document_slug_9ffd5a20 ON public.core_document USING btree (slug);


--
-- Name: core_document_slug_9ffd5a20_like; Type: INDEX; Schema: public; Owner: postgres_user
--

CREATE INDEX core_document_slug_9ffd5a20_like ON public.core_document USING btree (slug varchar_pattern_ops);


--
-- Name: django_admin_log_content_type_id_c4bce8eb; Type: INDEX; Schema: public; Owner: postgres_user
--

CREATE INDEX django_admin_log_content_type_id_c4bce8eb ON public.django_admin_log USING btree (content_type_id);


--
-- Name: django_admin_log_user_id_c564eba6; Type: INDEX; Schema: public; Owner: postgres_user
--

CREATE INDEX django_admin_log_user_id_c564eba6 ON public.django_admin_log USING btree (user_id);


--
-- Name: django_session_expire_date_a5c62663; Type: INDEX; Schema: public; Owner: postgres_user
--

CREATE INDEX django_session_expire_date_a5c62663 ON public.django_session USING btree (expire_date);


--
-- Name: django_session_session_key_c0390e0f_like; Type: INDEX; Schema: public; Owner: postgres_user
--

CREATE INDEX django_session_session_key_c0390e0f_like ON public.django_session USING btree (session_key varchar_pattern_ops);


--
-- Name: auth_group_permissions auth_group_permissio_permission_id_84c5c92e_fk_auth_perm; Type: FK CONSTRAINT; Schema: public; Owner: postgres_user
--

ALTER TABLE ONLY public.auth_group_permissions
    ADD CONSTRAINT auth_group_permissio_permission_id_84c5c92e_fk_auth_perm FOREIGN KEY (permission_id) REFERENCES public.auth_permission(id) DEFERRABLE INITIALLY DEFERRED;


--
-- Name: auth_group_permissions auth_group_permissions_group_id_b120cbf9_fk_auth_group_id; Type: FK CONSTRAINT; Schema: public; Owner: postgres_user
--

ALTER TABLE ONLY public.auth_group_permissions
    ADD CONSTRAINT auth_group_permissions_group_id_b120cbf9_fk_auth_group_id FOREIGN KEY (group_id) REFERENCES public.auth_group(id) DEFERRABLE INITIALLY DEFERRED;


--
-- Name: auth_permission auth_permission_content_type_id_2f476e4b_fk_django_co; Type: FK CONSTRAINT; Schema: public; Owner: postgres_user
--

ALTER TABLE ONLY public.auth_permission
    ADD CONSTRAINT auth_permission_content_type_id_2f476e4b_fk_django_co FOREIGN KEY (content_type_id) REFERENCES public.django_content_type(id) DEFERRABLE INITIALLY DEFERRED;


--
-- Name: auth_user_groups auth_user_groups_group_id_97559544_fk_auth_group_id; Type: FK CONSTRAINT; Schema: public; Owner: postgres_user
--

ALTER TABLE ONLY public.auth_user_groups
    ADD CONSTRAINT auth_user_groups_group_id_97559544_fk_auth_group_id FOREIGN KEY (group_id) REFERENCES public.auth_group(id) DEFERRABLE INITIALLY DEFERRED;


--
-- Name: auth_user_groups auth_user_groups_user_id_6a12ed8b_fk_auth_user_id; Type: FK CONSTRAINT; Schema: public; Owner: postgres_user
--

ALTER TABLE ONLY public.auth_user_groups
    ADD CONSTRAINT auth_user_groups_user_id_6a12ed8b_fk_auth_user_id FOREIGN KEY (user_id) REFERENCES public.auth_user(id) DEFERRABLE INITIALLY DEFERRED;


--
-- Name: auth_user_user_permissions auth_user_user_permi_permission_id_1fbb5f2c_fk_auth_perm; Type: FK CONSTRAINT; Schema: public; Owner: postgres_user
--

ALTER TABLE ONLY public.auth_user_user_permissions
    ADD CONSTRAINT auth_user_user_permi_permission_id_1fbb5f2c_fk_auth_perm FOREIGN KEY (permission_id) REFERENCES public.auth_permission(id) DEFERRABLE INITIALLY DEFERRED;


--
-- Name: auth_user_user_permissions auth_user_user_permissions_user_id_a95ead1b_fk_auth_user_id; Type: FK CONSTRAINT; Schema: public; Owner: postgres_user
--

ALTER TABLE ONLY public.auth_user_user_permissions
    ADD CONSTRAINT auth_user_user_permissions_user_id_a95ead1b_fk_auth_user_id FOREIGN KEY (user_id) REFERENCES public.auth_user(id) DEFERRABLE INITIALLY DEFERRED;


--
-- Name: django_admin_log django_admin_log_content_type_id_c4bce8eb_fk_django_co; Type: FK CONSTRAINT; Schema: public; Owner: postgres_user
--

ALTER TABLE ONLY public.django_admin_log
    ADD CONSTRAINT django_admin_log_content_type_id_c4bce8eb_fk_django_co FOREIGN KEY (content_type_id) REFERENCES public.django_content_type(id) DEFERRABLE INITIALLY DEFERRED;


--
-- Name: django_admin_log django_admin_log_user_id_c564eba6_fk_auth_user_id; Type: FK CONSTRAINT; Schema: public; Owner: postgres_user
--

ALTER TABLE ONLY public.django_admin_log
    ADD CONSTRAINT django_admin_log_user_id_c564eba6_fk_auth_user_id FOREIGN KEY (user_id) REFERENCES public.auth_user(id) DEFERRABLE INITIALLY DEFERRED;


--
-- PostgreSQL database dump complete
--

--
-- PostgreSQL database cluster dump complete
--

